a9d195ad-13dc-45eb-98e4-9a230fa6ae97,16
na9d195ad-13dc-45eb-98e4-9a230fa6ae97,8
neea2d6b8-ce25-4fde-bc8c-699513f0200a,5
nef80e161-497c-438a-b8c0-d992f52cac6a,3
nef80e161-497c-438a-b8c0-d992f52cac6a,16
nef80e161-497c-438a-b8c0-d992f52cac6a,20
nef80e161-497c-438a-b8c0-d992f52cac6a,14
nef80e161-497c-438a-b8c0-d992f52cac6a,15
n3b164f30-b87c-4b3e-b378-7ea16ae743fd,6
n94e1a4a5-0582-41c5-b237-5757ae2c96e0,4
n94e1a4a5-0582-41c5-b237-5757ae2c96e0,18
n94e1a4a5-0582-41c5-b237-5757ae2c96e0,7
n9777cb45-3a1d-4e29-80a3-90376353960e,8
n9777cb45-3a1d-4e29-80a3-90376353960e,1
n9777cb45-3a1d-4e29-80a3-90376353960e,16
n8102b26b-5720-422a-9851-092d2b196e85,15
n8102b26b-5720-422a-9851-092d2b196e85,17
n8102b26b-5720-422a-9851-092d2b196e85,3
naac25cfc-d27b-43e8-9b3c-a102ede0331e,7
naac25cfc-d27b-43e8-9b3c-a102ede0331e,9
naac25cfc-d27b-43e8-9b3c-a102ede0331e,20
naac25cfc-d27b-43e8-9b3c-a102ede0331e,15
n332d8de7-4a23-49eb-bf13-18040ce58de5,18
n332d8de7-4a23-49eb-bf13-18040ce58de5,14
nc52b9735-2110-4784-9c24-3fdd6b9f8f49,16
n52d39119-7a95-4664-b4f1-8f26ba804ad5,12
n52d39119-7a95-4664-b4f1-8f26ba804ad5,9
n52d39119-7a95-4664-b4f1-8f26ba804ad5,5
n52d39119-7a95-4664-b4f1-8f26ba804ad5,17
n52d39119-7a95-4664-b4f1-8f26ba804ad5,18
